V-Guard Industries,VGUARD.NS
Shilpi Cable,SHILPI.NS
KSS Limited,KSERASERA.NS
UFO Moviez,UFO.NS
Pritish Nandy,PNC.NS
Adlabs Entertainment,ADLABS.NS
Mukta Arts,MUKTAARTS.NS
B.A.G. Films,BAGFILMS.NS
Cinevista Limited,CINEVISTA.NS
Creative Eye,CREATIVEYE.NS
Shemaroo Entertainment,SHEMAROO.NS
Eros International,EROSMEDIA.NS
Prime Focus,PFOCUS.NS
Inox Leisure,INOXLEISUR.NS
Radaan Mediaworks,RADAAN.NS
PVR Limited,PVR.NS
Saregama India,SAREGAMA.NS
Tips Industries,TIPSINDLTD.NS
Balaji Telefilms,BALAJITELE.NS
Jain Irrigation,JISLJALEQS.NS
Jain Irrigation,JISLDVREQS.NS
V.S.T. Tillers,VSTTILLERS.NS
Action Construction,ACE.NS
Gujarat Apollo,GUJAPOLLO.NS
Revathi Equipment,REVATHI.NS
Escorts Limited,ESCORTS.NS
HMT Limited,HMT.NS
Sanghvi Movers,SANGHVIMOV.NS
Sanwaria Agro,SANWARIA.NS
Sita Shree,SITASHREE.NS
Kaveri Seed,KSCL.NS
Karuturi Global,KGL.NS
Usher Agro,USHERAGRO.NS
Agro Dutch,AGRODUTCH.NS
The Anandam,ANANDAMRUB.NS
Assam Company,ASSAMCO.NS
The Bombay,BBTC.NS
Dharani Sugars,DHARSUGAR.NS
Dhampur Sugar,DHAMPURSUG.NS
Norben Tea,NORBTEAEXP.NS
Sakuma Exports,SAKUMA.NS
Harrisons Malayalam,HARRMALAYA.NS
The Peria,PKTEA.NS
N.K Industries,NKIND.NS
Pochiraju Industries,POCHIRAJU.NS
Ruchi Infrastructure,RUCHINFRA.NS
STEL Holdings,STEL.NS
Prabhat Dairy,PRABHAT.NS
Ruchi Soya,RUCHISOYA.NS
Vadilal Industries,VADILALIND.NS
Agro Tech,ATFL.NS
Gokul Agro,GOKULAGRO.NS
Hatsun Agro,HATSUN.NS
JVL Agro,JVLAGRO.NS
REI Agro,REIAGROLTD.NS
Gujarat Ambuja,GAEL.NS
Tata Global,TATAGLOBAL.NS
CCL Products,CCL.NS
LT Foods,DAAWAT.NS
Farmax India,FARMAXIND.NS
ADF Foods,ADFFOODS.NS
Kohinoor Foods,KOHINOOR.NS
Vimal Oil,VIMALOIL.NS
GlaxoSmithKline Consumer,GSKCONS.NS
Gokul Refoils,GOKUL.NS
KRBL Limited,KRBL.NS
Kwality Limited,KWALITY.NS
McLeod Russel,MCLEODRUSS.NS
Nestl� India,NESTLEIND.NS
Raj Oil,RAJOIL.NS
Rasoya Proteins,RASOYPR.NS
Rossell India,ROSSELLIND.NS
Tata Coffee,TATACOFFEE.NS
Britannia Industries,BRITANNIA.NS
Anik Industries,ANIKINDS.NS
Heritage Foods,HERITGFOOD.NS
Gujarat State,GSPL.NS
GAIL (India),GAIL.NS
Indraprastha Gas,IGL.NS
J.K. Cement,JKCEMENT.NS
Visaka Industries,VISAKAIND.NS
NCL Industries,NCLIND.NS
Orient Bell,ORIENTBELL.NS
Barak Valley,BVCL.NS
ACC Limited,ACC.NS
Ambuja Cements,AMBUJACEM.NS
Andhra Cements,ANDHRACEMT.NS
Madhav Marbles,MADHAV.NS
Star Ferro,SFCL.NS
Aro Granite,AROGRANITE.NS
Asian Granito,ASIANTILES.NS
Dalmia Bharat,DALMIABHA.NS
Edayar Zinc,BINANIIND.NS
Birla Corporation,BIRLACORPN.NS
Burnpur Cement,BURNPUR.NS
Electrosteel Castings,ELECTCAST.NS
Prism Cement,PRISMCEM.NS
Euro Ceramics,EUROCERA.NS
Cera Sanitaryware,CERA.NS
UltraTech Cement,ULTRACEMCO.NS
Mangalam Cement,MANGLMCEM.NS
Somany Ceramics,SOMANYCERA.NS
Shree Cement,SHREECEM.NS
Kakatiya Cement,KAKATCEM.NS
Gujarat Sidhee,GSCLCEMENT.NS
Orient Cement,ORIENTCEM.NS
Murudeshwar Ceramics,MURUDCERA.NS
Regency Ceramics,REGENCERAM.NS
Century Textiles,CENTURYTEX.NS
JK Lakshmi,JKLAKSHMI.NS
Deccan Cements,DECCANCE.NS
The India,INDIACEM.NS
Kajaria Ceramics,KAJARIACER.NS
HIL Limited,HIL.NS
Everest Industries,EVERESTIND.NS
Sejal Glass,SEZAL.NS
HeidelbergCement India,HEIDELBERG.NS
HSIL Limited,HSIL.NS
IFGL Refractories,IFGLREFRAC.NS
Jenson &,JENSONICOL.NS
Nitco Limited,NITCO.NS
Grindwell Norton,GRINDWELL.NS
OCL India,OCL.NS
Oriental Trimex,ORIENTALTL.NS
Ramco Industries,RAMCOIND.NS
Sanghi Industries,SANGHIIND.NS
Sicagen India,SICAGEN.NS
Sintex Industries,SINTEX.NS
Carborundum Universal,CARBORUNIV.NS
Beardsell Limited,BEARDSELL.NS
Grasim Industries,GRASIM.NS
Greenply Industries,GREENPLY.NS
McNally Bharat,MBECL.NS
Kaushalya Infrastructure,KAUSHALYA.NS
Hindustan Construction,HCC.NS
Jaihind Projects,JAIHINDPRO.NS
J. Kumar,JKIL.NS
KNR Constructions,KNRCON.NS
Praj Industries,PRAJIND.NS
Voltas Limited,VOLTAS.NS
NBCC (India),NBCC.NS
Valecha Engineering,VALECHAENG.NS
Ahluwalia Contracts,AHLUCONT.NS
B.L. Kashyap,BLKASHYAP.NS
Jaiprakash Associates,JPASSOCIAT.NS
Ashoka Buildcon,ASHOKA.NS
AXISCADES Engineering,AXISCADES.NS
BF Utilities,BFUTILITIE.NS
BGR Energy,BGRENERGY.NS
Noida Toll,NOIDATOLL.NS
BS Limited,BSLIMITED.NS
C &,CANDC.NS
Consolidated Construction,CCCL.NS
ITD Cementation,ITDCEM.NS
Hindustan Dorr-Oliver,HINDDORROL.NS
Techno Electric,TECHNO.NS
Sadbhav Engineering,SADBHAV.NS
Patel Engineering,PATELENG.NS
A2Z Infra,A2ZINFRA.NS
Shriram EPC,SHRIRAMEPC.NS
Excel Realty,EXCEL.NS
Gammon India,GAMMONIND.NS
Gayatri Projects,GAYAPROJ.NS
GI Engineering,GISOLUTION.NS
Sunil Hitech,SUNILHITEC.NS
The Indian,INDIANHUME.NS
IL&FS Engineering,IL&FSENGG.NS
IVRCL Limited,IVRCLINFRA.NS
JMC Projects,JMCPROJECT.NS
Larsen &,LT.NS
Punj Lloyd,PUNJLLOYD.NS
Man Infraconstruction,MANINFRA.NS
MBL Infrastructures,MBLINFRA.NS
Mukand Engineers,MUKANDENGG.NS
