Bharti Airtel,BHARTIARTL.NS
Pressman Advertising,PRESSMN.NS
ABG Shipyard,ABGSHIP.NS
Bharat Electronics,BEL.NS
Bharati Defence,BHARATIDIL.NS
Reliance Defence,RDEL.NS
The Fertilisers,FACT.NS
Gujarat Narmada,GNFC.NS
Zuari Global,ZUARIGLOB.NS
Zuari Agro,ZUARI.NS
Aries Agro,ARIES.NS
Proseed India,GREENFIRE.NS
Agri-Tech (India),AGRITECH.NS
Dhanuka Agritech,DHANUKA.NS
Rashtriya Chemicals,RCF.NS
Deepak Fertilisers,DEEPAKFERT.NS
Bharat Rasayan,BHARATRAS.NS
Nath Bio-Genes,NATHBIOGEN.NS
Excel Crop,EXCELCROP.NS
Sharda Cropchem,SHARDACROP.NS
Bayer CropScience,BAYERCROP.NS
Gujarat State,GSFC.NS
Chambal Fertilisers,CHAMBLFERT.NS
National Fertilizers,NFL.NS
Madras Fertilizers,MADRASFERT.NS
Coromandel International,COROMANDEL.NS
UPL Limited,UPL.NS
Monsanto India,MONSANTO.NS
Meghmani Organics,MEGH.NS
Southern Petrochemical,SPIC.NS
PI Industries,PIIND.NS
Rallis India,RALLIS.NS
Mangalore Chemicals,MANGCHEFER.NS
Insecticides (India),INSECTICID.NS
Container Corporation,CONCOR.NS
Transport Corporation,TCI.NS
Allcargo Logistics,ALLCARGO.NS
Arshiya Limited,ARSHIYA.NS
Blue Dart,BLUEDART.NS
Gateway Distriparks,GDL.NS
Gati Limited,GATI.NS
Sical Logistics,SICAL.NS
Patel Integrated,PATINTLOG.NS
Snowman Logistics,SNOWMAN.NS
Navkar Corporation,NAVKARCORP.NS
Global Vectra,GLOBALVECT.NS
GVK Power,GVKPIL.NS
National Aluminium,NATIONALUM.NS
Maan Aluminium,MAANALU.NS
Century Extrusions,CENTEXT.NS
Hindalco Industries,HINDALCO.NS
Trent Limited,TRENT.NS
Future Lifestyle,FLFL.NS
Jindal Poly,JPOLYINVST.NS
JSW Holdings,JSWHL.NS
Multi Commodity,MCX.NS
Williamson Magor,WILLAMAGOR.NS
ATN International,ATNINTER.NS
BF Investment,BFINVEST.NS
Oswal Greentech,BINDALAGRO.NS
Crest Ventures,CREST.NS
Nahar Capital,NAHARCAP.NS
Motilal Oswal,MOTILALOFS.NS
PNB Gilts,PNBGILTS.NS
Times Guaranty,TIMESGTY.NS
Bajaj Holdings,BAJAJHLDNG.NS
IL&FS Investment,IVC.NS
Kalyani Investment,KICL.NS
Kirloskar Industries,KIRLOSIND.NS
Lakshmi Finance,LFIC.NS
Nalwa Sons,NSIL.NS
Pilani Investment,PILANIINVS.NS
SIL Investments,SILINV.NS
Indbank Merchant,INDBANK.NS
Reliance Capital,RELCAPITAL.NS
Ashok Leyland,ASHOKLEY.NS
Maruti Suzuki,MARUTI.NS
Tata Motors,TATAMOTORS.NS
Atul Auto,ATULAUTO.NS
Bajaj Auto,BAJAJ-AUTO.NS
Eicher Motors,EICHERMOT.NS
Hero MotoCorp,HEROMOTOCO.NS
Hindustan Motors,HINDMOTORS.NS
SML Isuzu,SMLISUZU.NS
LML Limited,LML.NS
TVS Motor,TVSMOTOR.NS
Tata Motors,TATAMTRDVR.NS
Mahindra &,M&M.NS
Bosch Limited,BOSCHLTD.NS
Swaraj Engines,SWARAJENG.NS
Jamna Auto,JAMNAAUTO.NS
Jullundur Motor,JMA.NS
Subros ,SUBROS.NS
Omax Autos,OMAXAUTO.NS
Wabco India,WABCOINDIA.NS
Steel Strips,SSWL.NS
India Motor,IMPAL.NS
Amtek Auto,AMTEKAUTO.NS
ANG Industries,ANGIND.NS
Automotive Stampings,ASAL.NS
Asahi India,ASAHIINDIA.NS
Munjal Auto,MUNJALAU.NS
Autolite (India),AUTOLITIND.NS
PPAP Automotive,PPAP.NS
Lumax Auto,LUMAXTECH.NS
Automotive Axles,AUTOAXLES.NS
NRB Bearings,NRBBEARING.NS
Menon Bearings,MENONBE.NS
Bharat Forge,BHARATFORG.NS
Bharat Gears,BHARATGEAR.NS
Jay Bharat,JAYBARMARU.NS
Sundaram Brake,SUNDRMBRAK.NS
Rane Brake,RBL.NS
Dynamatic Technologies,DYNAMATECH.NS
India Nippon,INDNIPPON.NS
Exide Industries,EXIDEIND.NS
Sundram Fasteners,SUNDRMFAST.NS
Federal-Mogul Goetze,FMGOETZE.NS
Hinduja Foundries,HINDUJAFO.NS
Kalyani Forge,KALYANIFRG.NS
Ucal Fuel,UCALFUEL.NS
Gabriel India,GABRIEL.NS
The Hi-Tech,HITECHGEAR.NS
Harita Seating,HARITASEAT.NS
Hindustan Composites,HINDCOMPOS.NS
Igarashi Motors,IGARASHI.NS
JBM Auto,JBMA.NS
JMT Auto,JMTAUTOLTD.NS
Sona Koyo,SONASTEER.NS
L.G. Balakrishnan,LGBBROSLTD.NS
Motherson Sumi,MOTHERSUMI.NS
TI Financial,TUBEINVEST.NS
Banco Products,BANCOINDIA.NS
Castex Technologies,CASTEXTECH.NS
Lumax Automotive,LUMAXAUTO.NS
Lumax Industries,LUMAXIND.NS
Minda Corporation,MINDACORP.NS
Munjal Showa,MUNJALSHOW.NS
Rane Engine,RANEENGINE.NS
Rane Holdings,RANEHOLDIN.NS
Rane (Madras),RML.NS
Rico Auto,RICOAUTO.NS
Maharashtra Scooters,MAHSCOOTER.NS
Shivam Autotech,SHIVAMAUTO.NS
Sundaram-Clayton Limited,SUNCLAYLTD.NS
Suprajit Engineering,SUPRAJIT.NS
Talbros Automotive,TALBROAUTO.NS
Wheels India,WHEELS.NS
Autoline Industries,AUTOIND.NS
Precision Camshafts,PRECAM.NS
Fiem Industries,FIEMIND.NS
Remsons Industries,REMSONSIND.NS
Som Distilleries,SDBL.NS
United Breweries,UBL.NS
Empee Distilleries,EDL.NS
United Breweries,UBHOLDINGS.NS
The United,UNITEDTEA.NS
Manpasand Beverages,MANPASAND.NS
IFB Agro,IFBAGRO.NS
Ravi Kumar,RKDL.NS
Pioneer Distilleries,PIONDIST.NS
Globus Spirits,GLOBUSSPR.NS
G.M.Breweries Limited,GMBREW.NS
Tilaknagar Industries,TI.NS
Celestial Biolabs,CELESTIAL.NS
Sterling Biotech,STERLINBIO.NS
Panacea Biotec,PANACEABIO.NS
Dishman Pharmaceuticals,DISHMAN.NS
Lyka Labs,LYKALABS.NS
Sequent Scientific,SEQUENT.NS
Entertainment Network,ENIL.NS
TV18 Broadcast,TV18BRDCST.NS
Sri Adhikari,SABTN.NS
Zee Entertainment,ZEEL.NS
