Indiabulls Real,IBREALEST.NS
Future Market,FMNL.NS
The Motor,MOTOGENFIN.NS
Pudumjee Industries,PDUMJEIND.NS
Brigade Enterprises,BRIGADE.NS
Texmaco Infrastructure,TEXINFRA.NS
Jagran Prakashan,JAGRAN.NS
Hindustan Media,HMVL.NS
Cyber Media,CYBERMEDIA.NS
D. B.,DBCORP.NS
Navneet Education,NAVNETEDUL.NS
HT Media,HTMEDIA.NS
Infomedia Press,INFOMEDIA.NS
Sambhaav Media,SAMBHAAV.NS
MPS Limited,MPSLTD.NS
Next Mediaworks,NEXTMEDIA.NS
The Sandesh,SANDESH.NS
North Eastern,NECCLTD.NS
Commercial Engineers,CEBBCO.NS
Titagarh Wagons,TWL.NS
TCI Developers,TCIDEVELOP.NS
Mahindra Lifespace,MAHLIFE.NS
Landmark Property,LPDC.NS
Housing Development,HDIL.NS
Orbit Corporation,ORBITCORP.NS
Omaxe Limited,OMAXE.NS
Unitech Limited,UNITECH.NS
GeeCee Ventures,GEECEE.NS
Zandu Realty,ZANDUREALT.NS
Ansal Properties,ANSALAPI.NS
Arihant Foundations,ARIHANT.NS
Ashiana Housing,ASHIANA.NS
BSEL Infrastructure,BSELINFRA.NS
Ganesh Housing,GANESHHOUC.NS
DB Realty,DBREALTY.NS
DLF Limited,DLF.NS
D.S. Kulkarni,DSKULKARNI.NS
Nitesh Estates,NITESHEST.NS
Prestige Estates,PRESTIGE.NS
Godrej Properties,GODREJPROP.NS
Hubtown Limited,HUBTOWN.NS
Kolte-Patil Developers,KOLTEPATIL.NS
Peninsula Land,PENINLAND.NS
Country Condo'S,COUNCODOS.NS
The Phoenix,PHOENIXLTD.NS
MVL Limited,MVL.NS
Techindia Nirman,TECHIN.NS
PVP Ventures,PVP.NS
Sobha Limited,SOBHA.NS
Sunteck Realty,SUNTECK.NS
Prajay Engineers,PRAENG.NS
Vipul Limited,VIPUL.NS
Prozone Intu,PROZONINTU.NS
Jindal Photo,JINDALPHOT.NS
Wonderla Holidays,WONDERLA.NS
Cox &,COX&KINGS.NS
Atlas Cycles,ATLASCYCLE.NS
Talwalkars Better,TALWALKARS.NS
Kanani Industries,KANANIIND.NS
Thomas Cook,THOMASCOOK.NS
BDR Buildcon,BDR.NS
Vijay Shanthi,VIJSHAN.NS
Country Club,CCHHL.NS
Delta Corp,DELTACORP.NS
GIR Natureview,GIRRESORTS.NS
Mahindra Holidays,MHRIL.NS
Jubilant FoodWorks,JUBLFOOD.NS
Coffee Day,COFFEEDAY.NS
Speciality Restaurants,SPECIALITY.NS
Jubilant Industries,JUBLINDS.NS
Jai Corp,JAICORPLTD.NS
MRF Limited,MRF.NS
Tainwala Chemicals,TAINWALCHM.NS
Apollo Tyres,APOLLOTYRE.NS
Apcotex Industries,APCOTEXIND.NS
Astral Poly,ASTRAL.NS
CEAT Limited,CEATLTD.NS
Elgi Rubber,ELGIRUBCO.NS
Ester Industries,ESTER.NS
Tulsi Extrusions,TULSI.NS
Kemrock Industries,KEMROCK.NS
Flexituff International,FLEXITUFF.NS
Kesoram Industries,KESORAMIND.NS
Pitti Laminations,PITTILAM.NS
Tijaria Polypipes,TIJARIA.NS
Nilkamal Limited,NILKAMAL.NS
Signet Industries,SIGNETIND.NS
Texmo Pipes,TEXMOPIPES.NS
Premier Polyfilm,PREMIERPOL.NS
TVS Srichakra,TVSSRICHAK.NS
The Supreme,SUPREMEIND.NS
Tokyo Plast,TOKYOPLAST.NS
Balkrishna Industries,BALKRISIND.NS
GRP Limited,GRPLTD.NS
Responsive Industries,RESPONIND.NS
Bartronics India,BARTRONICS.NS
Zicom Electronic,ZICOM.NS
Nitin Fire,NITINFIRE.NS
Adani Ports,ADANIPORTS.NS
Dredging Corporation,DREDGECORP.NS
The Great,GESHIP.NS
Essar Shipping,ESSARSHPNG.NS
Global Offshore,GLOBOFFS.NS
Gujarat Pipavav,GPPL.NS
Shreyas Shipping,SHREYAS.NS
The Shipping,SCI.NS
Seamec Limited,SEAMECLTD.NS
Jayant Agro-Organics,JAYAGROGN.NS
Kansai Nerolac,KANSAINER.NS
Xpro India,XPROINDIA.NS
Vinyl Chemicals,VINYLINDIA.NS
Aarti Industries,AARTIIND.NS
Orient Abrasives,ORIENTABRA.NS
Agarwal Industrial,AGARIND.NS
Akzo Nobel,AKZOINDIA.NS
Alkali Metals,ALKALI.NS
Chemfab Alkalis,CHEMFALKAL.NS
Alkyl Amines,ALKYLAMINE.NS
Balaji Amines,BALAMINES.NS
Asian Paints,ASIANPAINT.NS
Shri Aster,SHRIASTER.NS
AVT Natural,AVTNPL.NS
Berger Paints,BERGEPAINT.NS
Bodal Chemicals,BODALCHEM.NS
Goa Carbon,GOACARBON.NS
Castrol India,CASTROLIND.NS
Sudarshan Chemical,SUDARSCHEM.NS
Clariant Chemicals,CLNINDIA.NS
Chromatic India,CHROMATIC.NS
Thirumalai Chemicals,TIRUMALCHM.NS
Vikas EcoTech,VIKASECO.NS
Excel Industries,EXCELINDUS.NS
I G,IGPL.NS
IVP Limited,IVP.NS
Jindal Poly,JINDALPOLY.NS
Kiri Industries,KIRIINDUS.NS
Vivimed Labs,VIVIMEDLAB.NS
Savita Oil,SOTL.NS
Omkar Speciality,OMKARCHEM.NS
Pidilite Industries,PIDILITIND.NS
Plastiblends India,PLASTIBLEN.NS
Vishnu Chemicals,VISHNU.NS
Linde India,LINDEINDIA.NS
Archies Limited,ARCHIES.NS
Hinduja Global,HGS.NS
TeamLease Services,TEAMLEASE.NS
Jindal Saw,JINDALSAW.NS
Jai Balaji,JAIBALAJI.NS
Kalyani Steels,KSL.NS
Tata Steel,TATASTEEL.NS
Surana Industries,SURANAIND.NS
Sujana Universal,SUJANAUNI.NS
NMDC Limited,NMDC.NS
Uttam Value,UTTAMVALUE.NS
Uttam Galva,UTTAMSTL.NS
Usha Martin,USHAMART.NS
Vaswani Industries,VASWANI.NS
Adhunik Metaliks,ADHUNIK.NS
National Steel,NATNLSTEEL.NS
Indian Metals,IMFA.NS
S.A.L. Steel,SALSTEEL.NS
Shah Alloys,SHAHALLOYS.NS
Maithan Alloys,MAITHANALL.NS
Gyscoal Alloys,GAL.NS
Ankit Metal,ANKITMETAL.NS
OCL Iron,OISL.NS
Monnet Ispat,MONNETISPA.NS
APL Apollo,APLAPOLLO.NS
Bedmutha Industries,BEDMUTHA.NS
Bharat Wire,BHARATWIRE.NS
Bhushan Steel,BHUSANSTL.NS
Electrosteel Steels,ESL.NS
Gallantt Ispat,GALLISPAT.NS
Gallantt Metal,GALLANTT.NS
Godawari Power,GPIL.NS
Tata Sponge,TATASPONGE.NS
Sunflag Iron,SUNFLAG.NS
ISMT Limited,ISMTLTD.NS
Sathavahana Ispat,SATHAISPAT.NS
Jayaswal Neco,JAYNECOIND.NS
Jindal Stainless,JSLHISAR.NS
Jindal Steel,JINDALSTEL.NS
Jindal Stainless,JSL.NS
Kamdhenu Limited,KAMDHENU.NS
Man Industries,MANINDS.NS
Splendid Metal,SMPL.NS
Ratnamani Metals,RATNAMANI.NS
Sarda Energy,SARDAEN.NS
MSP Steel,MSPL.NS
Mukand Limited,MUKANDLTD.NS
The Tinplate,TINPLATE.NS
Steel Authority,SAIL.NS
Pennar Industries,PENIND.NS
Prakash Steelage,PRAKASHSTL.NS
Rama Steel,RAMASTEEL.NS
Ramsarup Industries,RAMSARUP.NS
Surya Roshni,SURYAROSNI.NS
Maharashtra Seamless,MAHSEAMLES.NS
Vardhman Special,VSSL.NS
VISA Steel,VISASTEEL.NS
Tata Metaliks,TATAMETALI.NS
Welspun Corp,WELCORP.NS
Prakash Industries,PRAKASH.NS
Tata Elxsi,TATAELXSI.NS
Sasken Technologies,SASKEN.NS
Trigyn Technologies,TRIGYN.NS
Megasoft Limited,MEGASOFT.NS
Zylog Systems,ZYLOG.NS
SQS India,SQSBFSI.NS
Bharatiya Global,BGLOBAL.NS
63 Moons,FINANTECH.NS
